<annotation>
	<folder>d</folder>
	<filename>N103.jpeg</filename>
	<path>/home/srikanth/Desktop/windows_projects/django/data_cars/d/N103.jpeg</path>
	<source>
		<database>Unknown</database>
	</source>
	<size>
		<width>1800</width>
		<height>1200</height>
		<depth>3</depth>
	</size>
	<segmented>0</segmented>
	<object>
		<name>number_plate</name>
		<pose>Unspecified</pose>
		<truncated>0</truncated>
		<difficult>0</difficult>
		<bndbox>
			<xmin>813</xmin>
			<ymin>665</ymin>
			<xmax>1067</xmax>
			<ymax>724</ymax>
		</bndbox>
	</object>
</annotation>
