<annotation>
	<folder>d</folder>
	<filename>N109.jpeg</filename>
	<path>/home/srikanth/Desktop/windows_projects/django/data_cars/d/N109.jpeg</path>
	<source>
		<database>Unknown</database>
	</source>
	<size>
		<width>550</width>
		<height>534</height>
		<depth>3</depth>
	</size>
	<segmented>0</segmented>
	<object>
		<name>number_plate</name>
		<pose>Unspecified</pose>
		<truncated>0</truncated>
		<difficult>0</difficult>
		<bndbox>
			<xmin>148</xmin>
			<ymin>250</ymin>
			<xmax>239</xmax>
			<ymax>320</ymax>
		</bndbox>
	</object>
</annotation>
