<annotation>
	<folder>d</folder>
	<filename>N112.jpeg</filename>
	<path>/home/srikanth/Desktop/windows_projects/django/data_cars/d/N112.jpeg</path>
	<source>
		<database>Unknown</database>
	</source>
	<size>
		<width>500</width>
		<height>344</height>
		<depth>3</depth>
	</size>
	<segmented>0</segmented>
	<object>
		<name>number_plate</name>
		<pose>Unspecified</pose>
		<truncated>0</truncated>
		<difficult>0</difficult>
		<bndbox>
			<xmin>179</xmin>
			<ymin>256</ymin>
			<xmax>347</xmax>
			<ymax>290</ymax>
		</bndbox>
	</object>
</annotation>
