<annotation>
	<folder>d</folder>
	<filename>N118.jpeg</filename>
	<path>/home/srikanth/Desktop/windows_projects/django/data_cars/d/N118.jpeg</path>
	<source>
		<database>Unknown</database>
	</source>
	<size>
		<width>1280</width>
		<height>960</height>
		<depth>3</depth>
	</size>
	<segmented>0</segmented>
	<object>
		<name>number_plate</name>
		<pose>Unspecified</pose>
		<truncated>0</truncated>
		<difficult>0</difficult>
		<bndbox>
			<xmin>532</xmin>
			<ymin>636</ymin>
			<xmax>852</xmax>
			<ymax>706</ymax>
		</bndbox>
	</object>
</annotation>
