<annotation>
	<folder>d</folder>
	<filename>N122.jpeg</filename>
	<path>/home/srikanth/Desktop/windows_projects/django/data_cars/d/N122.jpeg</path>
	<source>
		<database>Unknown</database>
	</source>
	<size>
		<width>600</width>
		<height>398</height>
		<depth>3</depth>
	</size>
	<segmented>0</segmented>
	<object>
		<name>number_plate</name>
		<pose>Unspecified</pose>
		<truncated>0</truncated>
		<difficult>0</difficult>
		<bndbox>
			<xmin>342</xmin>
			<ymin>243</ymin>
			<xmax>494</xmax>
			<ymax>288</ymax>
		</bndbox>
	</object>
</annotation>
