<annotation>
	<folder>d</folder>
	<filename>N138.jpeg</filename>
	<path>/home/srikanth/Desktop/windows_projects/django/data_cars/d/N138.jpeg</path>
	<source>
		<database>Unknown</database>
	</source>
	<size>
		<width>480</width>
		<height>360</height>
		<depth>3</depth>
	</size>
	<segmented>0</segmented>
	<object>
		<name>number_plate</name>
		<pose>Unspecified</pose>
		<truncated>0</truncated>
		<difficult>0</difficult>
		<bndbox>
			<xmin>36</xmin>
			<ymin>64</ymin>
			<xmax>465</xmax>
			<ymax>168</ymax>
		</bndbox>
	</object>
</annotation>
