<annotation>
	<folder>d</folder>
	<filename>N139.jpeg</filename>
	<path>/home/srikanth/Desktop/windows_projects/django/data_cars/d/N139.jpeg</path>
	<source>
		<database>Unknown</database>
	</source>
	<size>
		<width>960</width>
		<height>1280</height>
		<depth>3</depth>
	</size>
	<segmented>0</segmented>
	<object>
		<name>number_plate</name>
		<pose>Unspecified</pose>
		<truncated>0</truncated>
		<difficult>0</difficult>
		<bndbox>
			<xmin>341</xmin>
			<ymin>954</ymin>
			<xmax>607</xmax>
			<ymax>1011</ymax>
		</bndbox>
	</object>
</annotation>
