<annotation>
	<folder>d</folder>
	<filename>N140.jpeg</filename>
	<path>/home/srikanth/Desktop/windows_projects/django/data_cars/d/N140.jpeg</path>
	<source>
		<database>Unknown</database>
	</source>
	<size>
		<width>492</width>
		<height>393</height>
		<depth>3</depth>
	</size>
	<segmented>0</segmented>
	<object>
		<name>number_plate</name>
		<pose>Unspecified</pose>
		<truncated>0</truncated>
		<difficult>0</difficult>
		<bndbox>
			<xmin>346</xmin>
			<ymin>197</ymin>
			<xmax>423</xmax>
			<ymax>221</ymax>
		</bndbox>
	</object>
</annotation>
