<annotation>
	<folder>d</folder>
	<filename>N145.jpeg</filename>
	<path>/home/srikanth/Desktop/windows_projects/django/data_cars/d/N145.jpeg</path>
	<source>
		<database>Unknown</database>
	</source>
	<size>
		<width>500</width>
		<height>234</height>
		<depth>3</depth>
	</size>
	<segmented>0</segmented>
	<object>
		<name>number_plate</name>
		<pose>Unspecified</pose>
		<truncated>0</truncated>
		<difficult>0</difficult>
		<bndbox>
			<xmin>233</xmin>
			<ymin>88</ymin>
			<xmax>432</xmax>
			<ymax>151</ymax>
		</bndbox>
	</object>
</annotation>
