<annotation>
	<folder>d</folder>
	<filename>N151.jpeg</filename>
	<path>/home/srikanth/Desktop/windows_projects/django/data_cars/d/N151.jpeg</path>
	<source>
		<database>Unknown</database>
	</source>
	<size>
		<width>414</width>
		<height>432</height>
		<depth>3</depth>
	</size>
	<segmented>0</segmented>
	<object>
		<name>number_plate</name>
		<pose>Unspecified</pose>
		<truncated>0</truncated>
		<difficult>0</difficult>
		<bndbox>
			<xmin>144</xmin>
			<ymin>216</ymin>
			<xmax>277</xmax>
			<ymax>252</ymax>
		</bndbox>
	</object>
</annotation>
