<annotation>
	<folder>d</folder>
	<filename>N152.jpeg</filename>
	<path>/home/srikanth/Desktop/windows_projects/django/data_cars/d/N152.jpeg</path>
	<source>
		<database>Unknown</database>
	</source>
	<size>
		<width>919</width>
		<height>532</height>
		<depth>3</depth>
	</size>
	<segmented>0</segmented>
	<object>
		<name>number_plate</name>
		<pose>Unspecified</pose>
		<truncated>0</truncated>
		<difficult>0</difficult>
		<bndbox>
			<xmin>265</xmin>
			<ymin>247</ymin>
			<xmax>725</xmax>
			<ymax>347</ymax>
		</bndbox>
	</object>
</annotation>
