<annotation>
	<folder>d</folder>
	<filename>N153.jpeg</filename>
	<path>/home/srikanth/Desktop/windows_projects/django/data_cars/d/N153.jpeg</path>
	<source>
		<database>Unknown</database>
	</source>
	<size>
		<width>429</width>
		<height>450</height>
		<depth>3</depth>
	</size>
	<segmented>0</segmented>
	<object>
		<name>number_plate</name>
		<pose>Unspecified</pose>
		<truncated>0</truncated>
		<difficult>0</difficult>
		<bndbox>
			<xmin>133</xmin>
			<ymin>352</ymin>
			<xmax>279</xmax>
			<ymax>385</ymax>
		</bndbox>
	</object>
</annotation>
