<annotation>
	<folder>d</folder>
	<filename>N155.jpeg</filename>
	<path>/home/srikanth/Desktop/windows_projects/django/data_cars/d/N155.jpeg</path>
	<source>
		<database>Unknown</database>
	</source>
	<size>
		<width>424</width>
		<height>249</height>
		<depth>3</depth>
	</size>
	<segmented>0</segmented>
	<object>
		<name>number_plate</name>
		<pose>Unspecified</pose>
		<truncated>0</truncated>
		<difficult>0</difficult>
		<bndbox>
			<xmin>145</xmin>
			<ymin>167</ymin>
			<xmax>313</xmax>
			<ymax>201</ymax>
		</bndbox>
	</object>
</annotation>
