<annotation>
	<folder>d</folder>
	<filename>N158.jpeg</filename>
	<path>/home/srikanth/Desktop/windows_projects/django/data_cars/d/N158.jpeg</path>
	<source>
		<database>Unknown</database>
	</source>
	<size>
		<width>350</width>
		<height>467</height>
		<depth>3</depth>
	</size>
	<segmented>0</segmented>
	<object>
		<name>number_plate</name>
		<pose>Unspecified</pose>
		<truncated>0</truncated>
		<difficult>0</difficult>
		<bndbox>
			<xmin>122</xmin>
			<ymin>268</ymin>
			<xmax>224</xmax>
			<ymax>292</ymax>
		</bndbox>
	</object>
</annotation>
