<annotation>
	<folder>d</folder>
	<filename>N16.jpeg</filename>
	<path>/home/srikanth/Desktop/windows_projects/django/data_cars/d/N16.jpeg</path>
	<source>
		<database>Unknown</database>
	</source>
	<size>
		<width>1920</width>
		<height>1080</height>
		<depth>3</depth>
	</size>
	<segmented>0</segmented>
	<object>
		<name>number_plate</name>
		<pose>Unspecified</pose>
		<truncated>0</truncated>
		<difficult>0</difficult>
		<bndbox>
			<xmin>887</xmin>
			<ymin>625</ymin>
			<xmax>1173</xmax>
			<ymax>696</ymax>
		</bndbox>
	</object>
</annotation>
