<annotation>
	<folder>d</folder>
	<filename>N162.jpeg</filename>
	<path>/home/srikanth/Desktop/windows_projects/django/data_cars/d/N162.jpeg</path>
	<source>
		<database>Unknown</database>
	</source>
	<size>
		<width>496</width>
		<height>287</height>
		<depth>3</depth>
	</size>
	<segmented>0</segmented>
	<object>
		<name>number_plate</name>
		<pose>Unspecified</pose>
		<truncated>0</truncated>
		<difficult>0</difficult>
		<bndbox>
			<xmin>147</xmin>
			<ymin>169</ymin>
			<xmax>336</xmax>
			<ymax>209</ymax>
		</bndbox>
	</object>
</annotation>
