<annotation>
	<folder>d</folder>
	<filename>N163.jpeg</filename>
	<path>/home/srikanth/Desktop/windows_projects/django/data_cars/d/N163.jpeg</path>
	<source>
		<database>Unknown</database>
	</source>
	<size>
		<width>660</width>
		<height>440</height>
		<depth>3</depth>
	</size>
	<segmented>0</segmented>
	<object>
		<name>number_plate</name>
		<pose>Unspecified</pose>
		<truncated>0</truncated>
		<difficult>0</difficult>
		<bndbox>
			<xmin>230</xmin>
			<ymin>203</ymin>
			<xmax>316</xmax>
			<ymax>231</ymax>
		</bndbox>
	</object>
</annotation>
