<annotation>
	<folder>d</folder>
	<filename>N165.jpeg</filename>
	<path>/home/srikanth/Desktop/windows_projects/django/data_cars/d/N165.jpeg</path>
	<source>
		<database>Unknown</database>
	</source>
	<size>
		<width>588</width>
		<height>476</height>
		<depth>3</depth>
	</size>
	<segmented>0</segmented>
	<object>
		<name>number_plate</name>
		<pose>Unspecified</pose>
		<truncated>0</truncated>
		<difficult>0</difficult>
		<bndbox>
			<xmin>186</xmin>
			<ymin>290</ymin>
			<xmax>374</xmax>
			<ymax>335</ymax>
		</bndbox>
	</object>
</annotation>
