<annotation>
	<folder>d</folder>
	<filename>N171.jpeg</filename>
	<path>/home/srikanth/Desktop/windows_projects/django/data_cars/d/N171.jpeg</path>
	<source>
		<database>Unknown</database>
	</source>
	<size>
		<width>570</width>
		<height>400</height>
		<depth>3</depth>
	</size>
	<segmented>0</segmented>
	<object>
		<name>number_plate</name>
		<pose>Unspecified</pose>
		<truncated>0</truncated>
		<difficult>0</difficult>
		<bndbox>
			<xmin>13</xmin>
			<ymin>137</ymin>
			<xmax>444</xmax>
			<ymax>270</ymax>
		</bndbox>
	</object>
</annotation>
