<annotation>
	<folder>d</folder>
	<filename>N173.jpeg</filename>
	<path>/home/srikanth/Desktop/windows_projects/django/data_cars/d/N173.jpeg</path>
	<source>
		<database>Unknown</database>
	</source>
	<size>
		<width>445</width>
		<height>349</height>
		<depth>3</depth>
	</size>
	<segmented>0</segmented>
	<object>
		<name>number_plate</name>
		<pose>Unspecified</pose>
		<truncated>0</truncated>
		<difficult>0</difficult>
		<bndbox>
			<xmin>80</xmin>
			<ymin>150</ymin>
			<xmax>335</xmax>
			<ymax>243</ymax>
		</bndbox>
	</object>
</annotation>
