<annotation>
	<folder>d</folder>
	<filename>N176.jpeg</filename>
	<path>/home/srikanth/Desktop/windows_projects/django/data_cars/d/N176.jpeg</path>
	<source>
		<database>Unknown</database>
	</source>
	<size>
		<width>500</width>
		<height>448</height>
		<depth>3</depth>
	</size>
	<segmented>0</segmented>
	<object>
		<name>number_plate</name>
		<pose>Unspecified</pose>
		<truncated>0</truncated>
		<difficult>0</difficult>
		<bndbox>
			<xmin>195</xmin>
			<ymin>320</ymin>
			<xmax>383</xmax>
			<ymax>358</ymax>
		</bndbox>
	</object>
</annotation>
