<annotation>
	<folder>d</folder>
	<filename>N181.jpeg</filename>
	<path>/home/srikanth/Desktop/windows_projects/django/data_cars/d/N181.jpeg</path>
	<source>
		<database>Unknown</database>
	</source>
	<size>
		<width>1024</width>
		<height>769</height>
		<depth>3</depth>
	</size>
	<segmented>0</segmented>
	<object>
		<name>number_plate</name>
		<pose>Unspecified</pose>
		<truncated>0</truncated>
		<difficult>0</difficult>
		<bndbox>
			<xmin>361</xmin>
			<ymin>381</ymin>
			<xmax>499</xmax>
			<ymax>432</ymax>
		</bndbox>
	</object>
</annotation>
