<annotation>
	<folder>d</folder>
	<filename>N186.jpeg</filename>
	<path>/home/srikanth/Desktop/windows_projects/django/data_cars/d/N186.jpeg</path>
	<source>
		<database>Unknown</database>
	</source>
	<size>
		<width>1000</width>
		<height>562</height>
		<depth>3</depth>
	</size>
	<segmented>0</segmented>
	<object>
		<name>number_plate</name>
		<pose>Unspecified</pose>
		<truncated>0</truncated>
		<difficult>0</difficult>
		<bndbox>
			<xmin>464</xmin>
			<ymin>286</ymin>
			<xmax>561</xmax>
			<ymax>344</ymax>
		</bndbox>
	</object>
</annotation>
