<annotation>
	<folder>d</folder>
	<filename>N187.jpeg</filename>
	<path>/home/srikanth/Desktop/windows_projects/django/data_cars/d/N187.jpeg</path>
	<source>
		<database>Unknown</database>
	</source>
	<size>
		<width>1024</width>
		<height>768</height>
		<depth>3</depth>
	</size>
	<segmented>0</segmented>
	<object>
		<name>number_plate</name>
		<pose>Unspecified</pose>
		<truncated>0</truncated>
		<difficult>0</difficult>
		<bndbox>
			<xmin>572</xmin>
			<ymin>461</ymin>
			<xmax>839</xmax>
			<ymax>535</ymax>
		</bndbox>
	</object>
</annotation>
