<annotation>
	<folder>d</folder>
	<filename>N188.jpeg</filename>
	<path>/home/srikanth/Desktop/windows_projects/django/data_cars/d/N188.jpeg</path>
	<source>
		<database>Unknown</database>
	</source>
	<size>
		<width>1600</width>
		<height>900</height>
		<depth>3</depth>
	</size>
	<segmented>0</segmented>
	<object>
		<name>number_plate</name>
		<pose>Unspecified</pose>
		<truncated>0</truncated>
		<difficult>0</difficult>
		<bndbox>
			<xmin>587</xmin>
			<ymin>760</ymin>
			<xmax>711</xmax>
			<ymax>832</ymax>
		</bndbox>
	</object>
</annotation>
