<annotation>
	<folder>d</folder>
	<filename>N190.jpeg</filename>
	<path>/home/srikanth/Desktop/windows_projects/django/data_cars/d/N190.jpeg</path>
	<source>
		<database>Unknown</database>
	</source>
	<size>
		<width>2285</width>
		<height>1714</height>
		<depth>3</depth>
	</size>
	<segmented>0</segmented>
	<object>
		<name>number_plate</name>
		<pose>Unspecified</pose>
		<truncated>0</truncated>
		<difficult>0</difficult>
		<bndbox>
			<xmin>896</xmin>
			<ymin>814</ymin>
			<xmax>1558</xmax>
			<ymax>969</ymax>
		</bndbox>
	</object>
</annotation>
