<annotation>
	<folder>d</folder>
	<filename>N195.jpeg</filename>
	<path>/home/srikanth/Desktop/windows_projects/django/data_cars/d/N195.jpeg</path>
	<source>
		<database>Unknown</database>
	</source>
	<size>
		<width>600</width>
		<height>450</height>
		<depth>3</depth>
	</size>
	<segmented>0</segmented>
	<object>
		<name>number_plate</name>
		<pose>Unspecified</pose>
		<truncated>0</truncated>
		<difficult>0</difficult>
		<bndbox>
			<xmin>186</xmin>
			<ymin>137</ymin>
			<xmax>367</xmax>
			<ymax>232</ymax>
		</bndbox>
	</object>
</annotation>
