<annotation>
	<folder>d</folder>
	<filename>N203.jpeg</filename>
	<path>/home/srikanth/Desktop/windows_projects/django/data_cars/d/N203.jpeg</path>
	<source>
		<database>Unknown</database>
	</source>
	<size>
		<width>2047</width>
		<height>1365</height>
		<depth>3</depth>
	</size>
	<segmented>0</segmented>
	<object>
		<name>number_plate</name>
		<pose>Unspecified</pose>
		<truncated>0</truncated>
		<difficult>0</difficult>
		<bndbox>
			<xmin>765</xmin>
			<ymin>821</ymin>
			<xmax>1258</xmax>
			<ymax>905</ymax>
		</bndbox>
	</object>
</annotation>
