<annotation>
	<folder>d</folder>
	<filename>N213.jpeg</filename>
	<path>/home/srikanth/Desktop/windows_projects/django/data_cars/d/N213.jpeg</path>
	<source>
		<database>Unknown</database>
	</source>
	<size>
		<width>350</width>
		<height>196</height>
		<depth>3</depth>
	</size>
	<segmented>0</segmented>
	<object>
		<name>number_plate</name>
		<pose>Unspecified</pose>
		<truncated>0</truncated>
		<difficult>0</difficult>
		<bndbox>
			<xmin>131</xmin>
			<ymin>129</ymin>
			<xmax>209</xmax>
			<ymax>153</ymax>
		</bndbox>
	</object>
</annotation>
