<annotation>
	<folder>d</folder>
	<filename>N214.jpeg</filename>
	<path>/home/srikanth/Desktop/windows_projects/django/data_cars/d/N214.jpeg</path>
	<source>
		<database>Unknown</database>
	</source>
	<size>
		<width>650</width>
		<height>435</height>
		<depth>3</depth>
	</size>
	<segmented>0</segmented>
	<object>
		<name>number_plate</name>
		<pose>Unspecified</pose>
		<truncated>0</truncated>
		<difficult>0</difficult>
		<bndbox>
			<xmin>167</xmin>
			<ymin>189</ymin>
			<xmax>277</xmax>
			<ymax>226</ymax>
		</bndbox>
	</object>
</annotation>
