<annotation>
	<folder>d</folder>
	<filename>N227.jpeg</filename>
	<path>/home/srikanth/Desktop/windows_projects/django/data_cars/d/N227.jpeg</path>
	<source>
		<database>Unknown</database>
	</source>
	<size>
		<width>1000</width>
		<height>562</height>
		<depth>3</depth>
	</size>
	<segmented>0</segmented>
	<object>
		<name>number_plate</name>
		<pose>Unspecified</pose>
		<truncated>0</truncated>
		<difficult>0</difficult>
		<bndbox>
			<xmin>626</xmin>
			<ymin>280</ymin>
			<xmax>768</xmax>
			<ymax>359</ymax>
		</bndbox>
	</object>
</annotation>
