<annotation>
	<folder>d</folder>
	<filename>N232.jpeg</filename>
	<path>/home/srikanth/Desktop/windows_projects/django/data_cars/d/N232.jpeg</path>
	<source>
		<database>Unknown</database>
	</source>
	<size>
		<width>740</width>
		<height>490</height>
		<depth>3</depth>
	</size>
	<segmented>0</segmented>
	<object>
		<name>number_plate</name>
		<pose>Unspecified</pose>
		<truncated>0</truncated>
		<difficult>0</difficult>
		<bndbox>
			<xmin>286</xmin>
			<ymin>216</ymin>
			<xmax>451</xmax>
			<ymax>258</ymax>
		</bndbox>
	</object>
</annotation>
