<annotation>
	<folder>d</folder>
	<filename>N233.jpeg</filename>
	<path>/home/srikanth/Desktop/windows_projects/django/data_cars/d/N233.jpeg</path>
	<source>
		<database>Unknown</database>
	</source>
	<size>
		<width>320</width>
		<height>180</height>
		<depth>3</depth>
	</size>
	<segmented>0</segmented>
	<object>
		<name>number_plate</name>
		<pose>Unspecified</pose>
		<truncated>0</truncated>
		<difficult>0</difficult>
		<bndbox>
			<xmin>99</xmin>
			<ymin>20</ymin>
			<xmax>223</xmax>
			<ymax>50</ymax>
		</bndbox>
	</object>
</annotation>
