<annotation>
	<folder>d</folder>
	<filename>N235.jpeg</filename>
	<path>/home/srikanth/Desktop/windows_projects/django/data_cars/d/N235.jpeg</path>
	<source>
		<database>Unknown</database>
	</source>
	<size>
		<width>750</width>
		<height>562</height>
		<depth>3</depth>
	</size>
	<segmented>0</segmented>
	<object>
		<name>number_plate</name>
		<pose>Unspecified</pose>
		<truncated>0</truncated>
		<difficult>0</difficult>
		<bndbox>
			<xmin>44</xmin>
			<ymin>128</ymin>
			<xmax>656</xmax>
			<ymax>391</ymax>
		</bndbox>
	</object>
</annotation>
