<annotation>
	<folder>d</folder>
	<filename>N238.jpeg</filename>
	<path>/home/srikanth/Desktop/windows_projects/django/data_cars/d/N238.jpeg</path>
	<source>
		<database>Unknown</database>
	</source>
	<size>
		<width>500</width>
		<height>332</height>
		<depth>3</depth>
	</size>
	<segmented>0</segmented>
	<object>
		<name>number_plate</name>
		<pose>Unspecified</pose>
		<truncated>0</truncated>
		<difficult>0</difficult>
		<bndbox>
			<xmin>165</xmin>
			<ymin>129</ymin>
			<xmax>341</xmax>
			<ymax>170</ymax>
		</bndbox>
	</object>
</annotation>
