<annotation>
	<folder>d</folder>
	<filename>N240.jpeg</filename>
	<path>/home/srikanth/Desktop/windows_projects/django/data_cars/d/N240.jpeg</path>
	<source>
		<database>Unknown</database>
	</source>
	<size>
		<width>500</width>
		<height>306</height>
		<depth>3</depth>
	</size>
	<segmented>0</segmented>
	<object>
		<name>number_plate</name>
		<pose>Unspecified</pose>
		<truncated>0</truncated>
		<difficult>0</difficult>
		<bndbox>
			<xmin>164</xmin>
			<ymin>99</ymin>
			<xmax>285</xmax>
			<ymax>137</ymax>
		</bndbox>
	</object>
</annotation>
