<annotation>
	<folder>d</folder>
	<filename>N245.jpeg</filename>
	<path>/home/srikanth/Desktop/windows_projects/django/data_cars/d/N245.jpeg</path>
	<source>
		<database>Unknown</database>
	</source>
	<size>
		<width>583</width>
		<height>450</height>
		<depth>3</depth>
	</size>
	<segmented>0</segmented>
	<object>
		<name>number_plate</name>
		<pose>Unspecified</pose>
		<truncated>0</truncated>
		<difficult>0</difficult>
		<bndbox>
			<xmin>192</xmin>
			<ymin>279</ymin>
			<xmax>364</xmax>
			<ymax>319</ymax>
		</bndbox>
	</object>
</annotation>
