<annotation>
	<folder>d</folder>
	<filename>N28.jpeg</filename>
	<path>/home/srikanth/Desktop/windows_projects/django/data_cars/d/N28.jpeg</path>
	<source>
		<database>Unknown</database>
	</source>
	<size>
		<width>1920</width>
		<height>1080</height>
		<depth>3</depth>
	</size>
	<segmented>0</segmented>
	<object>
		<name>number_plate</name>
		<pose>Unspecified</pose>
		<truncated>0</truncated>
		<difficult>0</difficult>
		<bndbox>
			<xmin>738</xmin>
			<ymin>654</ymin>
			<xmax>1009</xmax>
			<ymax>722</ymax>
		</bndbox>
	</object>
</annotation>
