<annotation>
	<folder>d</folder>
	<filename>N36.jpeg</filename>
	<path>/home/srikanth/Desktop/windows_projects/django/data_cars/d/N36.jpeg</path>
	<source>
		<database>Unknown</database>
	</source>
	<size>
		<width>600</width>
		<height>384</height>
		<depth>3</depth>
	</size>
	<segmented>0</segmented>
	<object>
		<name>number_plate</name>
		<pose>Unspecified</pose>
		<truncated>0</truncated>
		<difficult>0</difficult>
		<bndbox>
			<xmin>392</xmin>
			<ymin>161</ymin>
			<xmax>517</xmax>
			<ymax>213</ymax>
		</bndbox>
	</object>
</annotation>
