<annotation>
	<folder>d</folder>
	<filename>N40.jpeg</filename>
	<path>/home/srikanth/Desktop/windows_projects/django/data_cars/d/N40.jpeg</path>
	<source>
		<database>Unknown</database>
	</source>
	<size>
		<width>900</width>
		<height>350</height>
		<depth>3</depth>
	</size>
	<segmented>0</segmented>
	<object>
		<name>number_plate</name>
		<pose>Unspecified</pose>
		<truncated>0</truncated>
		<difficult>0</difficult>
		<bndbox>
			<xmin>328</xmin>
			<ymin>208</ymin>
			<xmax>580</xmax>
			<ymax>254</ymax>
		</bndbox>
	</object>
</annotation>
