<annotation>
	<folder>d</folder>
	<filename>N42.jpeg</filename>
	<path>/home/srikanth/Desktop/windows_projects/django/data_cars/d/N42.jpeg</path>
	<source>
		<database>Unknown</database>
	</source>
	<size>
		<width>772</width>
		<height>520</height>
		<depth>3</depth>
	</size>
	<segmented>0</segmented>
	<object>
		<name>number_plate</name>
		<pose>Unspecified</pose>
		<truncated>0</truncated>
		<difficult>0</difficult>
		<bndbox>
			<xmin>163</xmin>
			<ymin>253</ymin>
			<xmax>373</xmax>
			<ymax>327</ymax>
		</bndbox>
	</object>
</annotation>
