<annotation>
	<folder>d</folder>
	<filename>N50.jpeg</filename>
	<path>/home/srikanth/Desktop/windows_projects/django/data_cars/d/N50.jpeg</path>
	<source>
		<database>Unknown</database>
	</source>
	<size>
		<width>500</width>
		<height>333</height>
		<depth>3</depth>
	</size>
	<segmented>0</segmented>
	<object>
		<name>number_plate</name>
		<pose>Unspecified</pose>
		<truncated>0</truncated>
		<difficult>0</difficult>
		<bndbox>
			<xmin>101</xmin>
			<ymin>223</ymin>
			<xmax>397</xmax>
			<ymax>291</ymax>
		</bndbox>
	</object>
</annotation>
