<annotation>
	<folder>d</folder>
	<filename>N53.jpeg</filename>
	<path>/home/srikanth/Desktop/windows_projects/django/data_cars/d/N53.jpeg</path>
	<source>
		<database>Unknown</database>
	</source>
	<size>
		<width>642</width>
		<height>336</height>
		<depth>3</depth>
	</size>
	<segmented>0</segmented>
	<object>
		<name>number_plate</name>
		<pose>Unspecified</pose>
		<truncated>0</truncated>
		<difficult>0</difficult>
		<bndbox>
			<xmin>217</xmin>
			<ymin>147</ymin>
			<xmax>428</xmax>
			<ymax>188</ymax>
		</bndbox>
	</object>
</annotation>
