<annotation>
	<folder>d</folder>
	<filename>N57.jpeg</filename>
	<path>/home/srikanth/Desktop/windows_projects/django/data_cars/d/N57.jpeg</path>
	<source>
		<database>Unknown</database>
	</source>
	<size>
		<width>642</width>
		<height>400</height>
		<depth>3</depth>
	</size>
	<segmented>0</segmented>
	<object>
		<name>number_plate</name>
		<pose>Unspecified</pose>
		<truncated>0</truncated>
		<difficult>0</difficult>
		<bndbox>
			<xmin>211</xmin>
			<ymin>161</ymin>
			<xmax>406</xmax>
			<ymax>202</ymax>
		</bndbox>
	</object>
</annotation>
