<annotation>
	<folder>d</folder>
	<filename>N66.jpeg</filename>
	<path>/home/srikanth/Desktop/windows_projects/django/data_cars/d/N66.jpeg</path>
	<source>
		<database>Unknown</database>
	</source>
	<size>
		<width>518</width>
		<height>458</height>
		<depth>3</depth>
	</size>
	<segmented>0</segmented>
	<object>
		<name>number_plate</name>
		<pose>Unspecified</pose>
		<truncated>0</truncated>
		<difficult>0</difficult>
		<bndbox>
			<xmin>163</xmin>
			<ymin>247</ymin>
			<xmax>320</xmax>
			<ymax>280</ymax>
		</bndbox>
	</object>
</annotation>
