<annotation>
	<folder>d</folder>
	<filename>N68.jpeg</filename>
	<path>/home/srikanth/Desktop/windows_projects/django/data_cars/d/N68.jpeg</path>
	<source>
		<database>Unknown</database>
	</source>
	<size>
		<width>800</width>
		<height>533</height>
		<depth>3</depth>
	</size>
	<segmented>0</segmented>
	<object>
		<name>number_plate</name>
		<pose>Unspecified</pose>
		<truncated>0</truncated>
		<difficult>0</difficult>
		<bndbox>
			<xmin>319</xmin>
			<ymin>262</ymin>
			<xmax>479</xmax>
			<ymax>295</ymax>
		</bndbox>
	</object>
</annotation>
