<annotation>
	<folder>d</folder>
	<filename>N7.jpeg</filename>
	<path>/home/srikanth/Desktop/windows_projects/django/data_cars/d/N7.jpeg</path>
	<source>
		<database>Unknown</database>
	</source>
	<size>
		<width>1920</width>
		<height>1080</height>
		<depth>3</depth>
	</size>
	<segmented>0</segmented>
	<object>
		<name>num_plate</name>
		<pose>Unspecified</pose>
		<truncated>0</truncated>
		<difficult>0</difficult>
		<bndbox>
			<xmin>1149</xmin>
			<ymin>649</ymin>
			<xmax>1358</xmax>
			<ymax>702</ymax>
		</bndbox>
	</object>
</annotation>
