<annotation>
	<folder>d</folder>
	<filename>N84.jpeg</filename>
	<path>/home/srikanth/Desktop/windows_projects/django/data_cars/d/N84.jpeg</path>
	<source>
		<database>Unknown</database>
	</source>
	<size>
		<width>500</width>
		<height>469</height>
		<depth>3</depth>
	</size>
	<segmented>0</segmented>
	<object>
		<name>number_plate</name>
		<pose>Unspecified</pose>
		<truncated>0</truncated>
		<difficult>0</difficult>
		<bndbox>
			<xmin>235</xmin>
			<ymin>319</ymin>
			<xmax>349</xmax>
			<ymax>352</ymax>
		</bndbox>
	</object>
</annotation>
