<annotation>
	<folder>d</folder>
	<filename>N85.jpeg</filename>
	<path>/home/srikanth/Desktop/windows_projects/django/data_cars/d/N85.jpeg</path>
	<source>
		<database>Unknown</database>
	</source>
	<size>
		<width>441</width>
		<height>451</height>
		<depth>3</depth>
	</size>
	<segmented>0</segmented>
	<object>
		<name>number_plate</name>
		<pose>Unspecified</pose>
		<truncated>0</truncated>
		<difficult>0</difficult>
		<bndbox>
			<xmin>163</xmin>
			<ymin>357</ymin>
			<xmax>302</xmax>
			<ymax>427</ymax>
		</bndbox>
	</object>
</annotation>
